title,author,year,isbn,is_borrowed,borrower,borrow_date
Jane Doe,R. J. Kaiser,1999,1552041778,,,2024-10-19
A Second Chicken Soup for the Woman's Soul (Chicken Soup for the Soul Series),Jack Canfield,1998,1558746218,,,2024-10-19
The Witchfinder (Amos Walker Mystery Series),Loren D. Estleman,1998,1567407781,,,2024-10-19
More Cunning Than Man: A Social History of Rats and Man,Robert Hendrickson,1999,1575663937,,,
Goodbye to the Buttermilk Sky,Julia Oliver,1994,1881320189,,,
The Testament,John Grisham,1999,440234743,,,
Beloved (Plume Contemporary Fiction),Toni Morrison,1994,452264464,,,
Our Dumb Century: The Onion Presents 100 Years of Headlines from America's Finest News Source,The Onion,1999,609804618,,,
New Vegetarian: Bold and Beautiful Recipes for Every Occasion,Celia Brooks Brown,2001,1841721522,,,
If I'd Known Then What I Know Now: Why Not Learn from the Mistakes of Others? : You Can't Afford to Make Them All Yourself,J. R. Parrish,2003,1879384493,,,
"Mary-Kate &amp, Ashley Switching Goals (Mary-Kate and Ashley Starring in)","Mary-Kate &amp, Ashley Olsen",2000,61076031,,,
Tell Me This Isn't Happening,Robynn Clairday,1999,439095026,,,
Flood : Mississippi 1927,Kathleen Duey,1998,689821166,,,
Wild Animus,Rich Shapero,2004,971880107,,,
Airframe,Michael Crichton,1997,345402871,,,
Timeline,MICHAEL CRICHTON,2000,345417623,,,
OUT OF THE SILENT PLANET,C.S. Lewis,1996,684823802,,,
Prague : A Novel,ARTHUR PHILLIPS,2003,375759778,,,
Chocolate Jesus,Stephan Jaramillo,1998,425163091,,,
Wie Barney es sieht.,Mordecai Richler,2002,3404921038,,,
Der Fluch der Kaiserin. Ein Richter- Di- Roman.,Eleanor Cooney,2001,3442353866,,,
Sturmzeit. Roman.,Charlotte Link,1991,3442410665,,,
Tage der Unschuld.,Richard North Patterson,2000,3442446937,,,
Lying Awake,Mark Salzman,2000,375406328,,,
To Kill a Mockingbird,Harper Lee,1988,446310786,,,
Seabiscuit: An American Legend,LAURA HILLENBRAND,2002,449005615,,,
Pigs in Heaven,Barbara Kingsolver,1993,60168013,,,
Miss Zukas and the Raven's Dance,Jo Dereske,1996,038078243X,,,
Pride and Prejudice,Jane Austen,1983,055321215X,,,
Downtown,Anne Rivers Siddons,1995,61099686,,,
Icebound,Dean R. Koontz,2000,553582909,,,
I'll Be Seeing You,Mary Higgins Clark,1994,671888587,,,
From the Corner of His Eye,Dean Koontz,2001,553582747,,,
Isle of Dogs,Patricia Cornwell,2002,425182908,,,
Purity in Death,J.D. Robb,2002,042518630X,,,
This Year It Will Be Different: And Other Stories,Maeve Binchy,1997,440223571,,,
Proxies,Laura J. Mixon,1999,812523873,,,
Left Behind: A Novel of the Earth's Last Days (Left Behind #1),Tim Lahaye,2000,842342702,,,
The Street Lawyer,JOHN GRISHAM,1999,440225701,,,
"Love, Medicine and Miracles",M.D. Bernie S. Siegel,1988,60914068,,,
All the King's Men,Robert Penn Warren,1982,156047624,,,
Pacific Northwest,Hans Johannes Hoefer,1985,245542957,,,
A Soldier of the Great War,Mark Helprin,1992,380715899,,,
Getting Well Again,O. Carol Simonton Md,1992,553280333,,,
Northwest Wines and Wineries,Chuck Hill,1993,961769947,,,
An Atmosphere of Eternity: Stories of India,David Iglehart,2002,964778319,,,
LONESOME DOVE,Larry McMurtry,1986,671623249,,,
Shabanu: Daughter of the Wind (Border Trilogy),SUZANNE FISHER STAPLES,1991,679810307,,,
Haveli (Laurel Leaf Books),SUZANNE FISHER STAPLES,1995,679865691,,,
Lieux dits,Michel Tournier,2002,2070423204,,,
The Dragons of Eden: Speculations on the Evolution of Human Intelligence,Carl Sagan,1978,345260317,,,
The yawning heights,Aleksandr Zinoviev,1980,394743741,,,
Breathing Lessons,Anne Tyler,1994,042511774X,,,
The Joy Luck Club,Amy Tan,1994,804106304,,,
Heart of Darkness (Wordsworth Collection),Joseph Conrad,1998,1853262404,,,
The Angel Is Near,Deepak Chopra,2000,312970242,,,
Tess of the D'Urbervilles (Wordsworth Classics),Thomas Hardy,1997,1853260053,,,
The Adventures of Drew and Ellie: The Magical Dress,Charles Noland,2003,1414035004,,,
The Accidental Virgin,Valerie Frankel,2003,60938412,,,
The Tao of Pooh,Benjamin Hoff,1983,140067477,,,
Seabiscuit,LAURA HILLENBRAND,2003,345465083,,,
The Prince,Niccolo Machiavelli,1952,451625889,,,
Life's Little Instruction Book (Life's Little Instruction Books (Paperback)),H. Jackson Brown,1991,1558531025,,,
Starship Troopers,Robert A. Heinlein,1987,441783589,,,
"The Ruby in the Smoke (Sally Lockhart Trilogy, Book 1)",PHILIP PULLMAN,1988,394895894,,,
Black Beauty (Illustrated Classics),Anna Sewell,1995,1569871213,,,
Anil's Ghost,MICHAEL ONDAATJE,2000,375410538,,,
Prescription for Terror,Sandra Levy Ceren,1999,966986105,,,
Modern Manners: An Etiquette Book for Rude People,P.J. O'Rourke,1990,087113375X,,,
Turning Thirty,Mike Gayle,2000,340767936,,,
Decipher,Stel Pavlou,2002,743403843,,,
"My First Cousin Once Removed: Money, Madness, and the Family of Robert Lowell",Sarah Payne Stuart,1999,60930365,,,
Standing Firm: A Vice-Presidential Memoir,Dan Quayle,1994,60177586,,,
Team Bush : Leadership Lessons from the Bush White House,Donald F. Kettl,2003,71416331,,,
The Right Man : The Surprise Presidency of George W. Bush,DAVID FRUM,2003,375509038,,,
Daybreakers Louis Lamour Collection,Louis Lamour,1981,553062042,,,
The Catcher in the Rye,J.D. Salinger,1991,316769487,,,
El Senor De Los Anillos: LA Comunidad Del Anillo (Lord of the Rings (Spanish)),J. R. R. Tolkien,2001,8445071408,,,
El Senor De Los Anillos: Las DOS Torres (Lord of the Rings (Paperback)),J. R. R. Tolkien,2001,8445071769,,,
"El Senor De Los Anillos: El Retorno Del Rey (Tolkien, J. R. R. Lord of the Rings. 3.)",J. R. R. Tolkien,2001,8445071777,,,
Midnight in the Garden of Good and Evil: A Savannah Story,John Berendt,1994,679429220,,,
Pretend You Don't See Her,Mary Higgins Clark,1998,671867156,,,
Fast Women,Jennifer Crusie,2001,312252617,,,
Female Intelligence,Jane Heller,2001,312261594,,,
Pasquale's Nose: Idle Days in an Italian Town,Michael Rips,2002,316748641,,,
The Gospel of Judas: A Novel,Simon Mawer,2002,316973742,,,
"Prize Stories, 1987: The O'Henry Awards",William Abrahams,1987,385235941,,,
"Rich Dad, Poor Dad: What the Rich Teach Their Kids About Money--That the Poor and Middle Class Do Not!",Robert T. Kiyosaki,2000,446677450,,,
The Pillars of the Earth,Ken Follett,1996,451166892,,,
McDonald's: Behind the Arches,John F. Love,1995,553347594,,,
Creating Wealth : Retire in Ten Years Using Allen's Seven Principles of Wealth!,Robert G. Allen,1986,671621009,,,
Corelli's Mandolin : A Novel,LOUIS DE BERNIERES,1995,067976397X,,,
"Love, Miracles, and Animal Healing : A heartwarming look at the spiritual bond between animals and humans",Pam Proctor,1996,684822733,,,
The Five People You Meet in Heaven,Mitch Albom,2003,786868716,,,
Tu Nombre Escrito En El Agua (La Sonrisa Vertical),Irene Gonzalez Frei,2002,8472238822,,,
Relics (Star Trek: The Next Generation),Michael Jan Friedman,1992,671864769,,,
Bless The Beasts And Children : Bless The Beasts And Children,Glendon Swarthout,1995,671521519,,,
"The Touch of Your Shadow, the Whisper of Your Name (Babylon 5, Book 5)",Neal Barrett Jr.,1996,440222303,,,
Blood Oath,David Morrell,1994,312953453,,,
The Alibi,Sandra Brown,2000,446608653,,,
The Beach House,James Patterson,2003,446612545,,,
A Kiss Remembered,Sandra Brown,2003,446612618,,,
The Short Forever,Stuart Woods,2003,451208080,,,
Dead Aim,IRIS JOHANSEN,2004,553584383,,,
"Angels &amp, Demons",Dan Brown,2001,671027360,,,
The Deal,Joe Hutsko,2000,812575954,,,
All He Ever Wanted: A Novel,Anita Shreve,2004,316735736,,,
"Every Breath You Take : A True Story of Obsession, Revenge, and Murder",Ann Rule,2002,743439740,,,
"If I Ever Get Back to Georgia, I'm Gonna Nail My Feet to the Ground",LEWIS GRIZZARD,1991,345372700,,,
The Mosquito Coast,Paul Theroux,1990,380619458,,,
"If Love Were Oil, I'd Be About a Quart Low",Lewis Grizzard,1994,446325805,,,
"Goodbye, My Little Ones: The True Story of a Murderous Mother and Five Innocent Victims",Charles Hickey,1996,451406923,,,
The Girl Who Loved Tom Gordon,Stephen King,2000,671042858,,,
Bringing Down the House: The Inside Story of Six M.I.T. Students Who Took Vegas for Millions,Ben Mezrich,2003,743249992,,,
"The Oneprince (The Redaemian Chronicles, Book 1)",Bill Hand,1992,840734530,,,
The Sum of All Fears,Tom Clancy,2002,425184226,,,
Care Packages : Letters to Christopher Reeve from Strangers and Other Friends,DANA REEVE,1999,375500766,,,
O Deus Das Pequenas Coisas,Roy,1998,9724119378,,,
Lady in Green/Minor Indiscretions (Signet Regency Romance),Barbara Metzger,2002,451205197,,,
One Hundred Years of Solitude,Gabriel Garcia Marquez,1998,60929790,,,
Little Altars Everywhere: A Novel,Rebecca Wells,1996,60976845,,,
Coyote Waits (Joe Leaphorn/Jim Chee Novels),Tony Hillerman,1992,61099325,,,
Before I Say Good-Bye,Mary Higgins Clark,2001,671004573,,,
Slow Waltz in Cedar Bend,Robert James Waller,1994,446601640,,,
Twenty Minute Retreats: Revive Your Spirits in Just Minutes a Day (A Pan Self-discovery Title),Rachel Harris,2001,330484516,,,
Atonement : A Novel,IAN MCEWAN,2003,038572179X,,,
Next: The Future Just Happened,Michael Lewis,2001,393020371,,,
The Angelic Darkness,Richard Zimler,1999,1900850303,,,
The Soulbane Stratagem,Norman Jetmundsen,2000,1903019699,,,
Gangster,Lorenzo Carcaterra,2002,345425294,,,
Hush,Anne Frasier,2002,451410319,,,
"Whisper of Evil (Hooper, Kay. Evil Trilogy.)",Kay Hooper,2002,553583468,,,
Temor y Temblor,Soren Kierkegaard,2001,8420639133,,,
Estudios sobre el amor,Jose Ortega Y Gaset,2001,8476409419,,,
Rebecca,Daphne Du Maurier,1994,380778556,,,
Scarlet Letter,Nathaniel Hawthorne,1993,451525221,,,
Keep It Simple: And Get More Out of Life,Nick Page,1999,2740230,,,
Diary of a Mad Mom-To-Be,Laura Wolf,2003,385336772,,,
Locked in Time (Laurel Leaf Books),LOIS DUNCAN,1986,440949424,,,
Contact,Susan Grant,2002,505524996,,,
The Brimstone Wedding,Barbara Vine,1997,140252800,,,
The Catswold Portal,Shirley Rousseau Murphy,1993,451452755,,,
Through Wolf's Eyes (Wolf),Jane Lindskold,2002,812575482,,,
Puerto Vallarta Squeeze,Robert James Waller,1995,044651747X,,,
Tree Grows In Brooklyn,Betty Smith,1988,60801263,,,
"Cybill Disobedience: How I Survived Beauty Pageants, Elvis, Sex, Bruce Willis, Lies, Marriage, Motherhood, Hollywood, and the Irrepressible Urge to Say What I Think",Cybill Shepherd,2001,61030147,,,
Snow Angels,Stewart O'Nan,1995,140250964,,,
Wish You Well,David Baldacci,2000,446527165,,,
The Hitchhiker's Guide to the Galaxy,Douglas Adams,1982,671461494,,,
Crow Lake (Today Show Book Club #7),Mary Lawson,2003,385337639,,,
My Antonia,Willa Cather,1995,039575514X,,,
Pen Pals,Olivia Goldsmith,2002,451206673,,,
Bridget Jones's Diary,Helen Fielding,1997,330332775,,,
Pride and Prejudice (Dover Thrift Editions),Jane Austen,1995,486284735,,,
EYE ON CRIME: HARDY BOYS #153,Franklin W. Dixon,1998,671021745,,,
Skin And Bones,Franklin W. Dixon,2000,671047612,,,
"LAW OF THE JUNGLE (HARDY BOYS CASE FILE 105) : LAW OF THE JUNGLE (Hardy Boys, The)",Franklin W. Dixon,1995,671504282,,,
The Cat Who Came to Breakfast (Cat Who... (Hardcover)),Lilian Jackson Braun,1994,399138684,,,
"If Singleness Is a Gift, What's the Return Policy?",Holly Virden,2003,785263292,,,
Always Daddy's Girl: Understanding Your Father's Impact on Who You Are,H. Norman Wright,1989,830714014,,,
Night Mare (Xanth Novels (Paperback)),Piers Anthony,1990,345354931,,,
The Martian Chronicles,RAY BRADBURY,1984,553278223,,,
Kabale Und Liebe,Schiller,0,3150000335,,,
Der illustrierte Mann. Erz ?¤hlungen.,Ray Bradbury,2002,3257203659,,,
Der K ?¶nig in Gelb.,Raymond Chandler,1980,3257207522,,,
Fahrenheit 451,Ray Bradbury,1994,3257208626,,,
Die Mars- Chroniken. Roman in Erz ?¤hlungen.,Ray Bradbury,1981,3257208634,,,
Das B ?¶se kommt auf leisen Sohlen.,Ray Bradbury,2003,3257208669,,,
L ?¶wenzahnwein. Roman.,Ray Bradbury,1999,3257210450,,,
Das Kind von morgen. Erz ?¤hlungen.,Ray Bradbury,2000,3257212054,,,
Die Mechanismen der Freude. Erz ?¤hlungen.,Ray Bradbury,2000,3257212429,,,
Familientreffen. Erz ?¤hlungen.,Ray Bradbury,2000,3257214154,,,
Der Tod kommt schnell in Mexico. Erz ?¤hlungen.,Ray Bradbury,1988,3257216416,,,
Veronika Deschliesst Zu Sterben / Vernika Decides to Die,Paolo Coelho,2002,3257233051,,,
Die Liebe in Den Zelten,Gabriel Garcia Marquez,0,342311360X,,,
Die Klone der Joanna May. Roman.,Fay Weldon,1993,3423116714,,,
Ist mein Hintern wirklich so dick? Tagebuch einer empfindsamen Frau.,Arabella Weir,1998,3423241489,,,
Haifischfrauen.,Kiana Davenport,1996,3426605686,,,
Die Cappuccino- Jahre. Aus dem Tagebuch des Adrian Mole.,Sue Townsend,2002,3453212150,,,
Schwarzer Tee mit drei Stück Zucker,Renan Demirkan,1991,3462021095,,,
Quersch ?¼sse - Downsize This!,Michael Moore,2003,3492045642,,,
Die Korrekturen.,Jonathan Franzen,2002,3498020862,,,
Neun Erz ?¤hlungen.,Jerome D. Salinger,1968,3499110695,,,
"Hebt den Dachbalken hoch, Zimmerleute / Seymour wird vorgestellt.",Jerome D. Salinger,1998,3499151502,,,
"Ulysses ( ? ?bersetzg. Wollschl ?¤ger). ( Neue Folge, 100).",James Joyce,1981,3518111000,,,
Eine ganz normale Aff ?¤re.,Joanna Trollope,2002,3548254268,,,
"Das Intimleben des Adrian Mole, 13 3/4 Jahre. cbt. ( Ab 14 J.).",Sue Townsend,2002,3570300099,,,
Das Buch der l ?¤cherlichen Liebe.,Milan Kundera,2000,3596292646,,,
The God of Small Things,Arundhati Roy,1998,60977493,,,
"The James Dean Affair: A Neil Gulliver &amp, Stevie Marriner Novel",Robert S. Levinson,2000,312872682,,,
The Big Bad Wolf: A Novel,James Patterson,2003,316602906,,,
Four Blind Mice,James Patterson,2002,316693006,,,
Private Screening,Richard North Patterson,1994,345311396,,,
Congo,Michael Crichton,1995,345378490,,,
Protect and Defend,Richard North Patterson,2001,345404793,,,
The Tall Pine Polka,Lorna Landvik,1999,345433173,,,
Memoirs of a Geisha,Arthur Golden,1997,375400117,,,
Plainsong (Vintage Contemporaries),KENT HARUF,2000,375705856,,,
Body of Evidence (Kay Scarpetta Mysteries (Paperback)),Patricia D. Cornwell,1992,380717018,,,
All That Remains (Kay Scarpetta Mysteries (Paperback)),Patricia D. Cornwell,1993,380718332,,,
The Case of the Lost Look-Alike (An Avon Camelot Book),Carol J. Farley,1988,380754509,,,
Petals on the River,Kathleen E. Woodiwiss,1997,038076654X,,,
The Elusive Flame,Kathleen E. Woodiwiss,1999,380807866,,,
Legacy of Silence,Belva Plain,1998,385316895,,,
The Brethren,JOHN GRISHAM,2000,385497466,,,
The King of Torts,John Grisham,2003,385508042,,,
The Curious Incident of the Dog in the Night-Time : A Novel,MARK HADDON,2003,385509456,,,
Bleachers,John Grisham,2003,385511612,,,
Sisterhood of the Traveling Pants,ANN BRASHARES,2003,385730586,,,
Only Love (Magical Love),Erich Segal,1998,425164403,,,
All or Nothing (Wheeler Large Print Books),Elizabeth Adler,2000,440234964,,,
Roses Are Red (Alex Cross Novels),James Patterson,2001,446605484,,,
The Rescue,Nicholas Sparks,2001,446610399,,,
Manhattan Hunt Club,JOHN SAUL,2002,449006522,,,
Patty Jane's House of Curl (Ballantine Reader's Circle),LORNA LANDVIK,1996,449911004,,,
Pet Sematary,Stephen King,1994,451162072,,,
Silent Snow,Steve Thayer,2000,451186648,,,
Girl with a Pearl Earring,Tracy Chevalier,2001,452282152,,,
Summer of Storms,Judith Kelman,2002,051513290X,,,
The Patient,Michael Palmer,2001,553580388,,,
"Demona's Revenge (Gargoyles, No. 2)",Francine Hughes,1995,590598848,,,
Clifford's Sports Day,Norman Bridwell,1996,590629719,,,
Postmortem (Kay Scarpetta Mysteries (Paperback)),Patricia Cornwell,1998,671023616,,,
Deception Point,Dan Brown,2002,671027387,,,
Tis : A Memoir,Frank McCourt,1999,684848783,,,
"Angels &amp, Demons",Dan Brown,2003,743486226,,,
A Monk Swimming,Malachy McCourt,1998,786863986,,,
Crazy Horse,Mari Sandoz,1961,803251718,,,
The Silent Cry (William Monk Novels (Paperback)),Anne Perry,1998,804117934,,,
The Kalahari Typing School for Men (No. 1 Ladies' Detective Agency),ALEXANDER MCCALL SMITH,2004,140003180X,,,
Chicken Soup for the Soul (Chicken Soup for the Soul),Jack Canfield,1993,155874262X,,,
Wicked: The Life and Times of the Wicked Witch of the West,Gregory Maguire,1996,60987103,,,
Life of Pi,Yann Martel,2002,151008116,,,
A Judgement in Stone,Ruth Rendell,2000,375704965,,,
Lies and the Lying Liars Who Tell Them: A Fair and Balanced Look at the Right,Al Franken,2003,525947647,,,
Secret History,DONNA TARTT,1993,804111359,,,
Chicken Soup for the Woman's Soul (Chicken Soup for the Soul Series (Paper)),Jack Canfield,1996,1558744150,,,
Great Expectations (Heinemann Guided Readers),John Milne,1995,435272683,,,
The Weight of Water,Anita Shreve,2001,316782505,,,
Moving Pictures (Discworld Novels (Paperback)),Terry Pratchett,2002,006102063X,,,
Night Watch,Terry Pratchett,2002,60013117,,,
Thief of Time,Terry Pratchett,2001,60199563,,,
Charlotte's Web Book and Charm (Charming Classics),E. B. White,2003,006052779X,,,
Peter Pan: The Original Story (Peter Pan),J. M. Barrie,2003,60563079,,,
My Friend Flicka,Mary O'Hara,1988,60809027,,,
The Last Hero : A Discworld Fable (Discworld Novels (Hardcover)),Terry Pratchett,2001,61040967,,,
Jingo: A Discworld Novel (Discworld Series/Terry Pratchett),Terry Pratchett,1998,61050474,,,
"Maskerade: A Novel of Discworld (Pratchett, Terry. Discworld Series (New York, N.Y.).)",Terry Pratchett,1997,61052515,,,
Interesting Times: A Novel of Discworld,Terry Pratchett,1997,61052523,,,
"On the Bright Side, I'm Now the Girlfriend of a Sex God: Further Confessions of Georgia Nicolson",Louise Rennison,2002,64472264,,,
Mansfield Park (Penguin Popular Classics),Jane Austen,1994,140620664,,,
The Wind in the Willows,Kenneth Grahame,1996,312148267,,,
The Winter King: A Novel of Arthur (The Warlord Chronicles: I),Bernard Cornwell,1997,312156960,,,
Moonheart (Newford),Charles de Lint,1994,312890044,,,
The King of Elfland's Daughter (Del Rey Impact),Edward John Moreton Drax Plunkett Dunsany,1999,034543191X,,,
Powder and Patch,Georgette Heyer,2004,373836023,,,
The Picture of Dorian Gray (Modern Library (Paperback)),OSCAR WILDE,1998,375751513,,,
The Iron Giant,Ted Hughes,1999,375801677,,,
James and the Giant Peach,ROALD DAHL,2002,375814248,,,
"The Amber Spyglass (His Dark Materials, Book 3)",PHILIP PULLMAN,2002,375823352,,,
"The Golden Compass (His Dark Materials, Book 1)",PHILIP PULLMAN,2002,037582345X,,,
"The Subtle Knife (His Dark Materials, Book 2)",PHILIP PULLMAN,2002,375823468,,,
"The Adrian Mole Diaries : The Secret Diary of Adrian Mole, Aged 13 3/4 : The Growing Pains of Adrian Mole",Sue Townsend,1997,380730448,,,
Martian Chronicles,Ray Bradbury,1997,380973839,,,
The Great God Pan,Donna Jo Napoli,2003,385327773,,,
Possession: A Romance,A. S. Byatt,1990,394586239,,,
Born Confused,Tanuja Desai Hidier,2003,439510112,,,
Confessions of a Shopaholic,SOPHIE KINSELLA,2003,440241413,,,
Making Minty Malone,Isabel Wolff,2000,451409256,,,
Little Women (Signet Classic),Louisa May Alcott,1988,451523415,,,
Emma (Signet Classics (Paperback)),Jane Austen,1996,451526279,,,
Animal Farm,George Orwell,2004,451526341,,,
Great Expectations (Dover Thrift Editions),Charles Dickens,2001,486415864,,,
Eva Luna,Isabel Allende,1989,553280589,,,
Poisonwood Bible Edition Uk,Barbara Kingsolver,0,571197639,,,
The Green Man : Tales from the Mythic Forest,Ellen Datlow,2002,670035262,,,
Nicholas Nickleby (Everyman's Library),Charles Dickens,1993,679423079,,,
"Angels &amp, Insects : Two Novellas",A.S. BYATT,1994,679751343,,,
Catch 22,Joseph Heller,1996,684833395,,,
The Forsyte Saga : The Man of Property and In Chancery,John Galsworthy,2002,743245024,,,
The Enchanted Wood,Enid Blyton,2002,749748001,,,
The Folk of the Faraway Tree,Enid Blyton,2002,749748028,,,
Angels and Visitations: A Miscellany,Neil Gaiman,1993,963094424,,,
"League of Extraordinary Gentlemen, Vol. 2 (Comic)",Alan Moore,2003,1401201172,,,
"Preludes and Nocturnes (Sandman, Book 1)",Neil Gaiman,1998,1563892278,,,
"The League of Extraordinary Gentlemen, Vol. 1",Alan Moore,2002,1563898586,,,
Harlequin Valentine,Neil Gaiman,2002,156971620X,,,
Alpha Teach Yourself American Sign Language in 24 Hours (Alpha Teach Yourself in 24 Hours),Trudy Suggs,2003,1592571301,,,
A Man in Full,Tom Wolfe,1998,374270325,,,
The Miracle Life of Edgar Mint: A Novel,Brady Udall,2002,375719180,,,
October Sky: A Memoir,Homer Hickam,1999,440235502,,,
A Painted House,John Grisham,2001,044023722X,,,
The Romance Reader,Pearl Abraham,1996,1573225487,,,
Far from the Madding Crowd (Wordsworth Classics),Thomas Hardy,1997,1853260673,,,
The Perfect Storm : A True Story of Men Against the Sea,Sebastian Junger,1999,60977477,,,
The Battle for God,Karen Armstrong,2001,345391691,,,
Sappho: A New Translation,Mary Barnard,1958,520011171,,,
The Postman (Bantam Classics),David Brin,1990,553278746,,,
The Tortilla Curtain,T. Coraghessan Boyle,1995,670856045,,,
Symposium,Paul Woodruff,1989,872200760,,,
The What's Happening to My Body? Book for Boys: A Growing Up Guide for Parents and Sons,Lynda Madaras,1987,937858994,,,
OBJECT AFFECTION,Stephen McCauley,1988,671649949,,,
The Journey Home,Isabelle Holland,1993,590431110,,,
Taking the Ferry Home,Pam Conrad,1990,64470113,,,
Angel of Hope (Mercy Trilogy),Lurlene McDaniel,2000,553571486,,,
The Breach,Brian Kaufman,2002,972044205,,,
Neanderthal: A Novel,John Darnton,1997,312963009,,,
A Small Dark Place,Martin Schenk,1999,345430476,,,
The Rivan Codex : Ancient Texts of THE BELGARIAD and THE MALLOREON,DAVID EDDINGS,1999,345435869,,,
Babyhood,Paul Reiser,1998,380728729,,,
Year's Best Fantasy (Year's Best Fantasy),David G. Hartwell,2001,038081840X,,,
Dave Barry in Cyberspace,Dave Barry,1997,449912302,,,
Wolf Moon,John R. Holt,1997,055329198X,,,
The War in Heaven (Eternal Warriors),Theodore Beale,2000,671018930,,,
Waiting,Frank M. Robinson,2000,812541642,,,
Nowhere To Run,Mary Jane Clark,2004,312988699,,,
Frankenstein (Dover Thrift Editions),Mary Wollstonecraft Shelley,1994,486282112,,,
El gust amarg de la cervesa (Collecció Clàssica),Isabel-Clara Simó,1999,8483007010,,,
Urn Burial,Robert Westall,1987,670815373,,,
All Our Yesterdays (Large Print),Robert B. Parker,1994,385313748,,,
What Shall I Be (Barbie Carryalong),Rita Chapman Works,1999,1575843366,,,
ALL THAT REMAINS,Patricia Cornwell,1992,684193957,,,
Last Chance to See,Douglas Adams,1992,345371984,,,
Vinegar Hill (Oprah's Book Club (Paperback)),A. Manette Ansay,1998,380730138,,,
Affinity,Sarah Waters,2002,1573228737,,,
Diario de Ana Frank,Anne Frank,2000,9681500555,,,
Desert Notes/River Notes,Barry Lopez,1990,380711109,,,
"The Best Democracy Money Can Buy: The Truth About Corporate Cons, Globalization and High-Finance Fraudsters",Greg Palast,2003,452283914,,,
The Hunt for Red October,Tom Clancy,1990,425120279,,,
The Music Box,Andrea Kane,1998,067153484X,,,
Liberty Falling (Anna Pigeon Mysteries (Paperback)),Nevada Barr,2000,380728273,,,
El Palacio de La Luna,Paul Auster,1996,8433914545,,,
Mientras Escribo,Stephen King,2002,8484509141,,,
Killer Market (Deborah Knott Mysteries (Paperback)),Margaret Maron,1999,446606197,,,
Remembering Peter Gzowski : A Book of Tributes,EDNA BARKER,2002,771076002,,,
The Best Canadian Animal Stories: Classic Tales by Master Storytellers,Muriel Whitaker,1997,771088191,,,
Trying to Save Piggy Sneed,John Irving,1996,1559703237,,,
"Herr Der Fliegen (Fiction, Poetry and Drama)",Golding,0,3596214629,,,
Seattle Access,HarperReference,1993,62770500,,,
REAL GUIDE: CALIFORNIA AND THE WEST COAST (The Real guides),LTD,1993,671847546,,,
Bel Canto,Ann Patchett,2001,60188731,,,
James and the Giant Peach,Roald Dahl,2000,140374248,,,
The Secret Life of Bees,Sue Monk Kidd,2003,142001740,,,
What a Wonderful World: A Lifetime of Recordings,Bob Thiele,1995,195086295,,,
Digital Fortress : A Thriller,Dan Brown,2003,312995423,,,
The Ladies of Missalonghi,Colleen McCullough,1988,380704587,,,
Blackberry Wine : A Novel,Joanne Harris,2001,380815923,,,
The Firm,John Grisham,1991,385416342,,,
How the Irish Saved Civilization: The Untold Story of Ireland's Heroic Role from the Fall of Rome to the Rise of Medieval Europe (Hinges of History),Thomas Cahill,1996,385418493,,,
The Client,John Grisham,1993,038542471X,,,
Thieves of Light (Photon : the Ultimate Game on Planet Earth),Michael Hudson,1987,425098109,,,
Horse Heaven (Ballantine Reader's Circle),Jane Smiley,2001,449005410,,,
Danger,Dick Francis,1985,449202631,,,
Proof,Dick Francis,1990,449207544,,,
Heart of the Sea (Irish Trilogy),Nora Roberts,2000,515128554,,,
Mostly Harmless,Douglas Adams,1992,517577402,,,
I Spy: A Book of Picture Riddles,Jean Marzollo,1992,590450875,,,
I Spy Spooky Night: A Book of Picture Riddles (I Spy Books),Walter Wick,1996,590481371,,,
Lake News,Barbara Delinsky,2000,067103619X,,,
The SKULL BENEATH THE SKIN,P. D. James,1982,684177730,,,
NEW SHOE,Arthur William Upfield,1983,684180200,,,
An Accidental Woman,Barbara Delinsky,2003,743411269,,,
The Snow Garden,Christopher Rice,2004,743470389,,,
The Doorbell Rang (The Best Mysteries of All Time),Rex Stout,2000,076218857X,,,
A Year by the Sea: Thoughts of an Unfinished Woman,Joan Anderson,2000,767905938,,,
Though I walk through the valley,Vance Havner,1974,800706544,,,
Victorious Christians You Should Know,Warren W. Wiersbe,1984,801096677,,,
Life Lessons: Book Of Hebrews,Max Lucado,1997,849953014,,,
Inside out,Lawrence J Crabb,1988,891091963,,,
Son Rise: The Miracle Continues,Barry Neil Kaufman,1994,915811537,,,
Unveiled at Last,Bob Sjogren,1988,927545373,,,
The Day I Almost Quit,Frederick J. Moody,1997,1575024179,,,
"Serving As Senders: How to Care for Your Missionaries While They Are Preparing to Go, While They Are on the Field, When They Return Home",Neal Pirolo,1991,1880185008,,,
House of Stairs,William Sleator,1991,140345809,,,
The Little Prince,Antoine de Saint-Exupéry,1968,156528207,,,
Jonathan Livingston Seagull,Richard Bach,1976,380012863,,,
The Crystal Handbook,Kevin Sullivan,1996,451154916,,,
Simple Wicca (Simple Wisdom Book),Michele Morgan,2002,785815147,,,
"The Complete Book of Incense, Oils &amp, Brews (Llewellyn's Practical Magick)","Scott, Cunningham",1989,875421288,,,
"The Western Mysteries: An Encyclopedic Guide to the Sacred Languages &amp, Magickal Systems of the World : The Key of It All, Book II (Key of It All)",David Allen Hulse,2000,1567184294,,,
Astral Travel for Beginners (For Beginners),Richard Webster,1998,156718796X,,,
New Perspectives: Runes,Bernard King,2000,1862047626,,,
Rosie'S Walk,Pat Hutchins,1971,20437501,,,
Julius Caesar (Oxford School Shakespeare),William Shakespeare,2001,198320264,,,
"Santa Brought A Son : Marrying The Boss's Daughter (Silhouette Romance, 1698)",Melissa McClone,2003,373196989,,,
"Marry Me ... Again   Montana Mavericks (Silhouette Special Edition, 1558)",Cheryl St. John,2003,373245580,,,
Alice's Adventures in Wonderland and Through the Looking Glass,Lewis Carroll,2000,451527747,,,
Moonlight Becomes You,Mary Higgins Clark,1997,671867113,,,
The Adventures of Tom Sawyer,Mark Twain,1989,812504208,,,
Divine Secrets of the Ya-Ya Sisterhood : A Novel,Rebecca Wells,1996,60173289,,,
Lakota Woman,Dog Mary Crow,1991,60973897,,,
The Perfect Storm : A True Story of Men Against the Sea,Sebastian Junger,1998,006101351X,,,
"Heroes of Their Own Lives: The Politics and History of Family Violence, Boston 1880-1960",Linda Gordon,1989,140104682,,,
The Florence King Reader,Florence King,1996,312143370,,,
The Lovely Bones: A Novel,Alice Sebold,2002,316666343,,,
Impossible Vacation,Spalding Gray,1992,039456894X,,,
Hannibal,Thomas Harris,2000,440224675,,,
London : The Novel,EDWARD RUTHERFURD,1998,449002632,,,
Life Before Man,Margaret Atwood,1990,449213773,,,
Cavedweller,Dorothy Allison,1999,452279690,,,
The Robber Bride,Margaret Atwood,1995,553569058,,,
Wouldn't Take Nothing for My Journey Now,MAYA ANGELOU,1993,679427430,,,
The House of Mirth (Library of America),Edith Wharton,1990,679725393,,,
Ohitika Woman,Mary Brave Bird,1993,802114369,,,
Black Elk Speaks: Being the Life Story of a Holy Man of the Oglala Sioux,John G. Neihardt,1988,803233019,,,
The Community in America,Roland Warren,1987,819154946,,,
"The Best in Tent Camping: Smoky Mountains : A Guide for Campers Who Hate Rvs, Concrete Slabs, and Loud Portable Stereos (Best in Tent Camping Colorado)",Johnny Molloy,1997,897322339,,,
Mawrdew Czgowchwz (New York Review Books Classics),James McCourt,2002,940322978,,,
Prozac Nation: Young and Depressed in America : A Memoir,Elizabeth Wurtzel,1997,1573225126,,,
The Journey From Here,Bill Bradley,2000,1579651658,,,
The Four Agreements: A Practical Guide to Personal Freedom,Don Miguel Ruiz,1997,1878424319,,,
El desarrollo de Leonardo da Vinci (Biografías y memorias),Luis Racionero,1986,8401351421,,,
Gastronomia divina (L'áncora),Eugeni Perea Simón,1994,8423324311,,,
Desaparecido: LA Autentica Historia De LA Ejecucion De Charles Horman,Thomas Hauser,1982,8427007450,,,
Hotel Europa (El Balancí),Vicenç Villatoro,1992,8429734996,,,
La dona dels ulls de pluja: Barcelona anys 90 (El Balancí),Víctor Mora,1993,8429736131,,,
El paraíso (Tiempos modernos),Elena Castedo,1991,8440616252,,,
Negra i consentida (Col¨lecció El Mirall),Ofèlia Dracs,1983,8472224260,,,
Essa efa (Col¨lecció El Mirall i el temps),Ofèlia Dracs,1985,8472227421,,,
Espurnes de sang (La Negra),Antoni Serra,1987,8474103347,,,
Les llengües d'Africa (Biblioteca universal Empúries),M. Carme Junyent,1986,8475960936,,,
Trànsit (Area contemporània),Jaume Capó,1987,8477830029,,,
L'home del sac,Màrius Serra,1990,8478091246,,,
Gràcies per la propina (Columna),Ferran Torrent,1995,8478097732,,,
El dia que es va cremar el Liceu (La primera Columna),Joan Agut,1995,8478098267,,,
Cómo ser una mujer y no morir en el intento (Colección El Papagayo),Carmen Rico-Godoy,1990,8478800336,,,
Una casa en Irlanda,Maeve Binchy,1999,8478884963,,,
La mirada del tafur (Col¨lecció clàssica),Ferran Torrent,1997,8483002523,,,
Amorrada al piló (Columna),Maria Jaén,1986,8486433193,,,
Blur (Melody Maker),Paul Lester,1995,600586898,,,
War and Peace (Wordsworth Classics),Leo Tolstoy,1997,1853260622,,,
A-Z of Behaving Badly,Simon Nye,1996,1857938011,,,
He Understanding Masculine Psychology,Robert A Johnson,1977,60804157,,,
Las DOS Muertes De Gardel (Ficcionario),Horacio Vazquez-Rial,2002,8466601090,,,
You Can Surf the Net: Your Guide to the World of the Internet,Marc Gascoigne,1996,140382658,,,
I Want to Be...a Veterinarian (I Want to Be... Series),Stephanie Maze,1997,152012966,,,
Alice's Tulips,Sandra Dallas,2001,312283784,,,
Centaur Aisle,Piers Anthony,1982,345297709,,,
Crewel Lye,Piers Anthony,1985,345313097,,,
Dragonflight (Dragonriders of Pern Trilogy (Paperback)),Anne McCaffrey,1991,345335465,,,
Last Sword of Power (Stones of Power),David Gemmell,1997,345416848,,,
Dating Big Bird,Laura Zigman,2000,385333404,,,
The Firm,John Grisham,1992,044021145X,,,
Murder at the Kennedy Center (Capital Crime Mysteries),Margaret Truman,1990,449212084,,,
"Guinness World Records 2000 (Guinness Book of Records, 2000)",Nic Kynaston,2000,553582682,,,
Forever Amber Brown (Amber Brown (Paperback)),Paula Danziger,1997,590947257,,,
Philip Jose Farmer's The Dungeon,Richard A. Lupoff,2003,074345829X,,,
Pool of Radiance: The Ruins of Myth Drannor (Forgotten Realms),Carrie Bebris,2001,786913878,,,
"Feminism and Suffrage: The Emergence of an Independent Women's Movement in America, 1848-1869",Ellen Carol Dubois,1980,801491827,,,
Why Are Boys So Weird (Tales from Third Grade),Candice F. Ransom,1993,816729913,,,
"Sheldon &amp, Mrs. Levine: An Excruciating Correspondence",Sam Bobrick,1994,843136685,,,
Black Beauty (Great Illustrated Classics (Playmore)),Anna Sewell,2000,866119531,,,
Oliver Twist (Great Illustrated Classics),Charles Dickens,1989,866119566,,,
The wild ponies of Assateague Island (Books for young explorers),Donna K Grosvenor,1975,870441663,,,
Frankenstein (Illustrated Classics Series),Mary Wollstonecraft Shelley,1992,1561561428,,,
The Scarlet Letter,NATHANIEL HAWTHORNE,1965,553210092,,,
Dragonsong (Harper Hall Trilogy),Anne McCaffrey,1977,553258524,,,
The Watch House,Robert Westall,1998,688163726,,,
Was It Something I Said?,Valerie Block,1998,1569471096,,,
Cloud Nine,Luanne Rice,2000,055358099X,,,
The Lovely Bones,Alice Sebold,2004,316168815,,,
The Tortilla Curtain,T. Coraghessan Boyle,1996,014023828X,,,
Sarah Conley,Ellen Gilchrist,1998,316314927,,,
A Widow for One Year,JOHN IRVING,1999,345424719,,,
The Clearing,TIM GAUTREAUX,2003,375414746,,,
Empire Falls,Richard Russo,2002,375726403,,,
Oryx and Crake,Margaret Atwood,2003,385503857,,,
Sophie's World: A Novel About the History of Philosophy (Berkeley Signature Edition),Jostein Gaarder,1997,425156842,,,
Black and Blue,ANNA QUINDLEN,1999,440226104,,,
Le Divorce (William Abrahams Book),Diane Johnson,1997,452277337,,,
The Face,DEAN KOONTZ,2003,553802488,,,
She's Come Undone (Oprah's Book Club),Wally Lamb,1998,671021001,,,
Falling Leaves: The True Story of an Unwanted Chinese Daughter,Adeline Yen Mah,1999,767903579,,,
Nickel and Dimed: On (Not) Getting By in America,Barbara Ehrenreich,2002,805063897,,,
"The Game of Kings (Lymond Chronicles, 1)",DOROTHY DUNNETT,1997,679777431,,,
"RUSSIA HOUSE, THE",JOHN LE CARRE,1990,553285343,,,
Solv-A-Crime Puzzles (Dover Game and Puzzle Activity Books),A. C. Gordon,1995,486285529,,,
The First Wives Club Movie Tie In,Olivia Goldsmith,1996,671002481,,,
Selected Poems of Emily Dickinson,Emily Dickinson,1995,812523385,,,
Watercolor School (Reader's Digest Learn-As-You-Go Guides),Hazel Harrison,1993,895774666,,,
Joshua In the Holy Land,Joseph Girzone,1993,20199090,,,
The Messenger,JOSEPH GIRZONE,2002,385495145,,,
Sisters of the Earth: Women's Prose and Poetry About Nature,Lorraine Anderson,1991,679733825,,,
Left Behind: A Novel of the Earth's Last Days (Left Behind No. 1),Tim Lahaye,1996,842329129,,,
Househusband,AD HUDLER,2002,345451260,,,
Life Messages: Inspiration For The Woman's Spirit,Josephine Carlton,2002,740700235,,,
Letters from a Nut,Ted L. Nancy,1999,380973545,,,
Karl Marx: A Life,Francis Wheen,2001,393321576,,,
The Shining,Stephen King,2001,743424425,,,
The Diary of Ellen Rimbauer: My Life at Rose Red,Joyce Reardon,2001,786868015,,,
The Sky Is Falling,Sidney Sheldon,2001,446610178,,,
Santa Pete : A Novel Of Christmas Present And Past,Christopher Moore,1998,684854953,,,
Mount Vernon Love Story : A Novel of George and Martha Washington,Mary Higgins Clark,2002,743229878,,,
The Kingdom: Arabia and the House of Sa'Ud,Robert Lacey,1983,380617625,,,
Florida Road Kill: A Novel,Tim Dorsey,2000,380732335,,,
The 37th Hour,JODI COMPTON,2003,385337132,,,
Be Cool,Elmore Leonard,2000,440235057,,,
The Hunted,Elmore Leonard,1986,445402040,,,
The Saints of Big Harbour: A Novel,Lynn Coady,2002,618119760,,,
Old Flames,John Lawton,2003,871138646,,,
From the Earth: Chinese Vegetarian Cooking,Eileen Yin-Fei Lo,1995,26329859,,,
Living in the Presence: Disciplines for the Spiritual Heart,Tilden H. Edwards,1988,60621257,,,
The Bean Trees,Barbara Kingsolver,1989,60915544,,,
Homeland and Other Stories,Barbara Kingsolver,1990,60917016,,,
"A Suitable Boy : Novel, A",Vikram Seth,1994,60925000,,,
Daughter of Fortune,Isabel Allende,2000,60932759,,,
The Fly on the Wall,Tony Hillerman,1990,61000280,,,
Cranford (The World's Classics),Elizabeth Gaskell,1982,192815318,,,
The Red Tent (Bestselling Backlist),Anita Diamant,1998,312195516,,,
The Right Hand of Amon,Lauren Haney,1997,380792664,,,
Last Blue: Poems,Gerald Stern,2000,393048977,,,
The Cat Who Wasn't There,Lilian Jackson Braun,1992,399137807,,,
Isle of Dogs,Patricia Daniels Cornwell,2001,039914739X,,,
Light a Penny Candle,Maeve Binchy,2001,451203046,,,
The Blue Last: A Richard Jury Mystery (Richard Jury Mysteries (Paperback)),Martha Grimes,2002,451410556,,,
Turn of the Screw and Short N,Henry James,1978,451523318,,,
The Country of the Pointed Firs (Dover Thrift Editions),Sarah Orne Jewett,1994,486281965,,,
Early Poems (Dover Thrift Editions),William Carlos Williams,1997,486292940,,,
Barchester Towers (Oxford Pocket Classics),Anthony Trollope,1986,051762639X,,,
REEF,Edith Wharton,1996,684824442,,,
Wednesday the Rabbi Got Wet,Harry Kemelman,2003,743458303,,,
Things My Girlfriend and I Have Argued About: A Novel,Mil Millington,2003,081296666X,,,
Listening Hearts: Discerning Call in Community,Suzanne G. Farnham,1991,819215635,,,
Unattainable Earth,Czeslaw Milosz,1987,880011025,,,
"The Practice of Prayer (New Church's Teaching Series, Vol 4)",Margaret Guenther,1998,1561011525,,,
Vertical Poetry: Recent Poems,Roberto Juarroz,1992,1877727083,,,
Rubinstein's Chess Masterpieces,Akiba Rubinstein,1941,486206173,,,
The Nanny Diaries: A Novel,Emma McLaughlin,2002,312278586,,,
Biblioteca Universale Rizzoli: Sulla Sponda Del Fiume Piedra,P Coelho,0,8845229041,,,
I Giorni Dell'abbandono,Elena Ferrante,2002,887641486X,,,
The Gizmo,Paul Jennings,1995,140370900,,,
The Last Best Hope of Earth: Abraham Lincoln and the Promise of America,"Mark E., Jr. Neely",1993,674511255,,,
Organic Chemistry (Saunders Golden Sunburst Series),Stephen J. Weininger,1994,30096189,,,
Secrets of St. John's Wort: A Lynn Sonberg Book,Larry Katzenstein,1998,312965745,,,
Diet for a Poisoned Planet: How to Choose Safe Foods for You and Your Family,David Steinman,1992,345374657,,,
"Punished by Rewards: The Trouble With Gold Stars, Incentive Plans, A'S, Praise, and Other Bribes",Alfie Kohn,1995,395710901,,,
Montessori Today: A Comprehensive Approach to Education from Birth to Adulthood,Paula Polk Lillard,1996,080521061X,,,
Oil Painting Techniques (Artist's Painting Library),David Lewis,1983,823032612,,,
Going down swinging,Billie Livingston,1999,679310002,,,
Confessions of a Sociopathic Social Climber : The Katya Livingston Chronicles (Katya Livingston Chronicles (Hardcover)),Adele Lang,2002,312288115,,,
Like a Hole in the Head,Jen Banbury,1998,316171107,,,
Postmortem,Patricia Daniels Cornwell,1993,380710218,,,
The Cove,Catherine Coulter,1996,515118656,,,
An Inconvenient Woman,Dominick Dunne,1991,553289063,,,
Shock Wave (Dirk Pitt Adventures (Paperback)),Clive Cussler,1996,671000306,,,
While My Pretty One Sleeps,Mary Higgins Clark,1990,671673688,,,
Antipodes 10,John Pascal,1995,1561672033,,,
Kick Ass: Selected Columns of Carl Hiaasen,Carl Hiaasen,2001,425178242,,,
Everything Is Illuminated: A Novel,Jonathan Safran Foer,2002,618173870,,,
Life of Pi,Yann Martel,2003,156027321,,,
Rules of the Wild,Francesca Marciano,1998,375403582,,,
Three Junes,JULIA GLASS,2003,385721420,,,
Back Roads,Tawni O'Dell,2001,451202341,,,
In Her Shoes : A Novel,Jennifer Weiner,2002,743418190,,,
The Kiss,Danielle Steel,2001,385335407,,,
Home Spun: A Collection,Leon Hale,1997,965746828,,,
Sweet Hereafter Movie Tie-In : A Novel,Russell Banks,1992,60923245,,,
The Rime of the Ancient Mariner and Other Poems,Samuel Taylor Coleridge,1992,486272664,,,
11th Hour,Bradley Warshauer,2003,786015276,,,
In Country RI,Bobbie Ann Mason,1986,60913509,,,
Brazen Virtue,Nora Roberts,1996,553272837,,,
Ghost Moon,Karen Robards,2001,440225078,,,
Brewing Up a Storm: A John Thatcher Mystery,Emma Lathen,1996,312145543,,,
Strangers,Dean R. Koontz,2002,425181111,,,
Milk and Honey (Peter Decker/Rina Lazarus Novels),Faye Kellerman,2002,380732688,,,
The Deep End of the Ocean (Oprah's Book Club),Jacquelyn Mitchard,1999,140286276,,,
Night Tales,Nora Roberts,2000,373484100,,,
A Thousand Acres (Ballantine Reader's Circle),JANE SMILEY,1992,449907481,,,
Chopping Spree,DIANE MOTT DAVIDSON,2002,553107305,,,
Four Blondes,Candace Bushnell,2001,080213825X,,,
River's End,Nora Roberts,2003,515127833,,,
Summer Island,KRISTIN HANNAH,2002,345441133,,,
The Straw Men,Michael Marshall,2002,515134279,,,
The Doctor the Patient: The Personal Journey of a Physician With Cancer,Allen Widome,1989,945586051,,,
The Street Lawyer,John Grisham,1998,385490992,,,
The Chamber,John Grisham,1994,385424728,,,
Warlock : A Novel of Ancient Egypt,Wilbur Smith,2002,312980388,,,
The Teacher from the Black Lagoon,Mike Thaler,1989,590419625,,,
The Partner,John Grisham,1997,385472951,,,
Primal Scream,Michael Slade,1998,451195663,,,
Chosen Prey,John Sandford,2004,425182878,,,
Guilty as Sin,TAMI HOAG,1997,553564528,,,
Night Sins,TAMI HOAG,1995,055356451X,,,
The Second Time Around : A Novel,Mary Higgins Clark,2004,743412621,,,
Three,Ted Dekker,2003,849943728,,,
The Canopy,Angela Elwell Hunt,2003,849943450,,,
Blink,Ted Dekker,2003,084994371X,,,
Last Battle,C. S. Lewis,1988,590406019,,,
Prince Caspian,C. S. Lewis,1970,20442408,,,
Robert's Rules of Order,William Eisner,1986,553225987,,,
Abduction,Robin Cook,2000,042517736X,,,
And Never Let Her Go : Thomas Capano: The Deadly Seducer,Ann Rule,2000,671868713,,,
Not a Day Goes By : A Novel,E. LYNN HARRIS,2001,038549825X,,,
Sun Signs,Linda Goodman,1981,553202294,,,
"The Vampire Lestat (Vampire Chronicles, Book II)",ANNE RICE,1986,345313860,,,
The Mummy or Ramses the Damned,Anne Rice,1991,345369947,,,
HIS LITTLE WOMEN : HIS LITTLE WOMEN,Judith Rossner,1991,067170124X,,,
Her Mother's Daughter,Marilyn French,1990,345353625,,,
Your Erroneous Zones,Wayne W. Dyer,1976,308102282,,,
The Night Listener,Armistead Maupin,2000,006017143X,,,
Organizing from the Inside Out,Julie Morgenstern,1998,805056491,,,
The Hellfire Club,Peter Straub,1996,679401377,,,
"The Diary of Jack the Ripper/the Discovery, the Investigation, the Debate",Jack,1993,1562827049,,,
Vanished,Danielle Steel,1993,385306032,,,
The Women in His Life (G K Hall Large Print Book Series),Barbara Taylor Bradford,1991,816152446,,,
The Morning After,Lisa Jackson,2004,821772953,,,
Missing Susan,SHARYN MCCRUMB,1992,345379454,,,
Hiding in the Shadows (Shadows Trilogy (Paperback)),Kay Hooper,2000,553576925,,,
Kitchen Privileges : A Memoir,Mary Higgins Clark,2002,743206053,,,
We Are Our Mothers' Daughters,Cokie Roberts,2000,688169678,,,
Horus's Horrible Day (First Graders from Mars),Shana Corey,2001,439319552,,,
My Garden (Beginning Literacy),Jesse S. Ostrow,1994,590870157,,,
101 Dalmatians,Justine Korman,1996,307001164,,,
In the Dinosaur's Paw (Kids of the Polk Street School),PATRICIA REILLY GIFF,1987,440441501,,,
Ralph S. Mouse,Beverly Cleary,2000,590687301,,,
"The First Journey (Animorphs. Alternamorphs, 1)",K. A. Applegate,1999,439061644,,,
How Do Dinosaurs Learn to Read,Jane Yolen,2003,439569842,,,
My First Book about Space (Golden Look-Look Books (Paperback)),Dinah L. Moche,1997,307118703,,,
You Be the Jury #02,Marvin Miller,1989,590418858,,,
Comic Characters,Craig Boldman,1983,030720152X,,,
The Time Machine (Troll Illustrated Classics),H. G. Wells,1992,816728739,,,
I Like School (in My World Series),Bobbie Kalman,1985,865050880,,,
Sacred Ground,Mercedes Lackey,1995,812519655,,,
Burning Water (Burning Water),Mercedes Lackey,1992,812524853,,,
The Tightrope Walker,Dorothy Gilman,1997,449211770,,,
MoveOn's 50 Ways to Love Your Country: How to Find Your Political Voice and Become a Catalyst for Change,Moveon,2004,193072229X,,,
Children of the Night,Mercedes Lackey,1990,812521129,,,
Rainbow the Stormy Life of Judy Garland,Christopher Finch,0,345251733,,,
Cold Mountain (MTI) (Vintage Contemporaries),CHARLES FRAZIER,2003,1400077826,,,
A Fountain Filled With Blood (A Rev. Clare Ferguson Mystery),Julia Spencer-Fleming,2004,312995431,,,
Out of the Deep I Cry : A Clare Fergusson/Russ Van Alstyne Mystery,Julia Spencer-Fleming,2004,312312628,,,
Daisy Fay and the Miracle Man,Fannie Flagg,1992,446394521,,,
Little House On the Prairie,Laura Ingall Wilder,0,590021117,,,
Angela's Ashes: A Memoir,Frank McCourt,1999,068484267X,,,
The Next Accident,LISA GARDNER,2002,553578693,,,
Socks (Cleary Reissue),Beverly Cleary,1990,380709260,,,
"The Pet Shop Mystery (Boxcar Children Special (Paper), No 7)",Gertrude Chandler Warner,1996,807565288,,,
In the Bleak Midwinter (A Rev. Clare Ferguson Mystery),Julia Spencer-Fleming,2003,312986769,,,
"The Amber Spyglass (His Dark Materials, Book 3)",PHILIP PULLMAN,2001,345413377,,,
"The Subtle Knife (His Dark Materials, Book 2)",PHILIP PULLMAN,1998,345413369,,,
"The Golden Compass (His Dark Materials, Book 1)",PHILIP PULLMAN,1998,679893105,,,
Eyeshot,Lynn S. Hightower,1997,61096091,,,
"If Ever I Return, Pretty Peggy-O",Sharyn McCrumb,1991,345369068,,,
The Rosewood Casket,Sharyn McCrumb,1997,451184718,,,
The Amazing Mrs. Pollifax,Dorothy Gilman,1992,449209121,,,
Fast Food Nation: The Dark Side of the All-American Meal,Eric Schlosser,2002,60938455,,,
The Unsung Hero,Suzanne Brockmann,2000,080411952X,,,
"Two Princesses of Bamarre, The",Gail Carson Levine,2004,60575808,,,
Ella Enchanted (rack),Gail Carson Levine,2004,60558865,,,
Passing for Thin : Losing Half My Weight and Finding My Self,FRANCES KUFFEL,2004,767912918,,,
Bloodlines (Dog Lover's Mysteries),Susan Conant,1994,553298860,,,
Kissing in Manhattan,DAVID SCHICKLER,2002,385335679,,,
Echoes,Maeve Binchy,1989,440122090,,,
Someone to Watch Over Me : A Novel,Judith McNaught,2003,671525832,,,
The Toynbee Convector,Ray Bradbury,1989,553279572,,,
One for the Money (Stephanie Plum Novels (Paperback)),Janet Evanovich,1995,61009059,,,
The Bell Jar : A Novel (Perennial Classics),Sylvia Plath,2000,60930187,,,
A polar bear called Pingo,Ilona Koidahl,1974,516076272,,,
Dark Lady,Richard North Patterson,1999,679450432,,,
The Future Scrolls,Fern Michaels,2003,821775863,,,
About Face,Fern Michaels,2003,821770209,,,
Tarot Says Beware (A Herculeah Jones Mystery),Betsy Byars,1995,670855758,,,
Globalhead,Bruce Sterling,1994,553562819,,,
Along Came a Spider (Alex Cross Novels),James Patterson,1993,446364193,,,
Simple Abundance:  A Daybook of Comfort and Joy,Sarah Ban Breathnach,1995,446519138,,,
The River King,Alice Hoffman,2001,425179672,,,
Final Appeal,Lisa Scottoline,1994,61042943,,,
Who Moved My Cheese? An Amazing Way to Deal with Change in Your Work and in Your Life,Spencer Johnson,1998,399144463,,,
Atonement,Ian McEwan,2002,965404560,,,
Why Do Clocks Run Clockwise? and Other Imponderables: Mysteries of Everyday Life Explained,David Feldman,1987,006015781X,,,
Someone to Watch Over Me : Stories,Richard Bausch,2000,60930705,,,
Stately Pursuits,Katie Fforde,1999,312206763,,,
The Pinball Effect: How Renaissance Water Gardens Made the Carburetor Possible-And Other Journeys Through Knowledge (Pinball Effect),James Burke,1996,316116025,,,
"My Father, Dancing (Harvest Book)",Bliss Broyard,2000,156013967,,,
Women on the Case,Sara Paretsky,1996,385314019,,,
New Cardiff,Charles Webb,2002,743444167,,,
Almost: A Novel,Elizabeth Benedict,2002,618231617,,,
"A Tally of Types: With Additions by Several Hands , And With a New Introduction by Mike Parker",Stanley Morison,1999,1567920047,,,
Stand Still Like the Hummingbird,Henry Miller,1962,811203220,,,
Crossing the Unknown Sea: Work As a Pilgrimage of Identity,David Whyte,2002,1573229148,,,
The Future of Leadership: Today's Top Leadership Thinkers Speak to Tomorrow's Leaders,Warren  Bennis,2001,787955671,,,
"Expecting Adam: A True Story of Birth, Rebirth, and Everyday Magic",Martha Beck,2000,425174484,,,
No Future Without Forgiveness,Desmond Mpilo Tutu,2000,385496907,,,
"A Call to Conscience : The Landmark Speeches of Dr. Martin Luther King, Jr.",Kris Shepard,2001,446523992,,,
On the Road (Penguin 20th Century Classics),Jack Kerouac,1998,140185216,,,
I And Thou,Martin Buber,1971,684717255,,,
The Prince (Dover Thrift Editions),Niccolò Machiavelli,1992,486272745,,,
"Sarajevo, maybe (Anni Novanta/Feltrinelli)",Gianfranco Bettin,1994,8807120194,,,
Becoming a Man : Half a Life Story,Paul Monette,1993,62507249,,,
OLD MAN AND THE SEA,Ernest Hemingway,1995,684801221,,,
Diary of a Teenage Girl - Becoming Me : Diary Number 1 (Diary of a Teenage Girl),Melody Carlson,2000,1576737357,,,
The Dominant Blonde,Alisa Kwitney,2002,60083298,,,
Where the Heart Is (Oprah's Book Club (Paperback)),Billie Letts,1998,446672211,,,
The Girls' Guide to Hunting and Fishing,Melissa Bank,2000,140293248,,,
Rena's Promise: A Story of Sisters in Auschwitz,Rena Kornreich Gelissen,1996,807070718,,,
America the Beautiful: A Novel,Moon Unit Zappa,2001,743213831,,,
Easy Travel to Other Planets,Ted Mooney,1982,345305477,,,
